doy,plot,rep,treatment,planting,row,herbicide,tillage,test,c1,c2,c3,cavg
123,101,1,1,early,15,yes,yes,TE,0,0,0,0
123,102,1,2,early,15,yes,no,NEY,0,0,0,0
123,103,1,3,early,15,no,yes,TE,0,0,0,0
123,104,1,4,early,15,no,no,NE,0,0,0,0
123,105,1,5,early,30,yes,yes,TE,0,0,0,0
123,106,1,6,early,30,yes,no,NEY,0,0,0,0
123,107,1,7,early,30,no,yes,TE,0,0,0,0
123,108,1,8,early,30,no,no,NE,0,0,0,0
123,109,1,9,late,15,yes,yes,TL,0,0,0,0
123,110,1,10,late,15,yes,no,NLY,0,0,0,0
123,111,1,11,late,15,no,yes,TL,0,0,0,0
123,112,1,12,late,15,no,no,NL,0,0,0,0
123,113,1,13,late,30,yes,yes,TL,0,0,0,0
123,114,1,14,late,30,yes,no,NLY,0,0,0,0
123,115,1,15,late,30,no,yes,TL,0,0,0,0
123,116,1,16,late,30,no,no,NL,0,0,0,0
123,201,2,11,late,15,no,yes,TL,0,0,0,0
123,202,2,7,early,30,no,yes,TE,0,0,0,0
123,203,2,12,late,15,no,no,NL,0,0,0,0
123,204,2,16,late,30,no,no,NL,0,0,0,0
123,205,2,15,late,30,no,yes,TL,0,0,0,0
123,206,2,8,early,30,no,no,NE,0,0,0,0
123,207,2,2,early,15,yes,no,NEY,0,0,0,0
123,208,2,9,late,15,yes,yes,TL,0,0,0,0
123,209,2,3,early,15,no,yes,TE,0,0,0,0
123,210,2,13,late,30,yes,yes,TL,0,0,0,0
123,211,2,10,late,15,yes,no,NLY,0,0,0,0
123,212,2,14,late,30,yes,no,NLY,0,0,0,0
123,213,2,1,early,15,yes,yes,TE,0,0,0,0
123,214,2,6,early,30,yes,no,NEY,0,0,0,0
123,215,2,5,early,30,yes,yes,TE,0,0,0,0
123,216,2,4,early,15,no,no,NE,0,0,0,0
123,301,3,16,late,30,no,no,NL,0,0,0,0
123,302,3,7,early,30,no,yes,TE,0,0,0,0
123,303,3,11,late,15,no,yes,TL,0,0,0,0
123,304,3,5,early,30,yes,yes,TE,0,0,0,0
123,305,3,2,early,15,yes,no,NEY,0,0,0,0
123,306,3,6,early,30,yes,no,NEY,0,0,0,0
123,307,3,8,early,30,no,no,NE,0,0,0,0
123,308,3,4,early,15,no,no,NE,0,0,0,0
123,309,3,10,late,15,yes,no,NL,0,0,0,0
123,310,3,1,early,15,yes,yes,TE,0,0,0,0
123,311,3,14,late,30,yes,no,NL,0,0,0,0
123,312,3,3,early,15,no,yes,TE,0,0,0,0
123,313,3,15,late,30,no,yes,TL,0,0,0,0
123,314,3,12,late,15,no,no,NL,0,0,0,0
123,315,3,9,late,15,yes,yes,TL,0,0,0,0
123,316,3,13,late,30,yes,yes,TL,0,0,0,0
123,401,4,8,early,30,no,no,NE,0,0,0,0
123,402,4,3,early,15,no,yes,TE,0,0,0,0
123,403,4,5,early,30,yes,yes,TE,0,0,0,0
123,404,4,15,late,30,no,yes,TL,0,0,0,0
123,405,4,4,early,15,no,no,NE,0,0,0,0
123,406,4,9,late,15,yes,yes,TL,0,0,0,0
123,407,4,16,late,30,no,no,NL,0,0,0,0
123,408,4,6,early,30,yes,no,NEY,0,0,0,0
123,409,4,11,late,15,no,yes,TL,0,0,0,0
123,410,4,1,early,15,yes,yes,TE,0,0,0,0
123,411,4,2,early,15,yes,no,NEY,0,0,0,0
123,412,4,12,late,15,no,no,NL,0,0,0,0
123,413,4,7,early,30,no,yes,TE,0,0,0,0
123,414,4,13,late,30,yes,yes,TL,0,0,0,0
123,415,4,14,late,30,yes,no,NL,0,0,0,0
123,416,4,10,late,15,yes,no,NL,0,0,0,0
123,101,1,1,early,15,yes,yes,TE,0,0,0,0
130,102,1,2,early,15,yes,no,NEY,0,0,0,0
130,103,1,3,early,15,no,yes,TE,0,0,0,0
130,104,1,4,early,15,no,no,NE,0,0,0,0
130,105,1,5,early,30,yes,yes,TE,0,0,0,0
130,106,1,6,early,30,yes,no,NEY,0,0,0,0
130,107,1,7,early,30,no,yes,TE,0,0,0,0
130,108,1,8,early,30,no,no,NE,0,0,0,0
130,109,1,9,late,15,yes,yes,TL,0,0,0,0
130,110,1,10,late,15,yes,no,NL,0,0,0,0
130,111,1,11,late,15,no,yes,TL,0,0,0,0
130,112,1,12,late,15,no,no,NL,0,0,0,0
130,113,1,13,late,30,yes,yes,TL,0,0,0,0
130,114,1,14,late,30,yes,no,NL,0,0,0,0
130,115,1,15,late,30,no,yes,TL,0,0,0,0
130,116,1,16,late,30,no,no,NL,0,0,0,0
130,201,2,11,late,15,no,yes,TL,0,0,0,0
130,202,2,7,early,30,no,yes,TE,0,0,0,0
130,203,2,12,late,15,no,no,NL,0,0,0,0
130,204,2,16,late,30,no,no,NL,0,0,0,0
130,205,2,15,late,30,no,yes,TL,0,0,0,0
130,206,2,8,early,30,no,no,NE,0,0,0,0
130,207,2,2,early,15,yes,no,NEY,0,0,0,0
130,208,2,9,late,15,yes,yes,TL,0,0,0,0
130,209,2,3,early,15,no,yes,TE,0,0,0,0
130,210,2,13,late,30,yes,yes,TL,0,0,0,0
130,211,2,10,late,15,yes,no,NL,0,0,0,0
130,212,2,14,late,30,yes,no,NL,0,0,0,0
130,213,2,1,early,15,yes,yes,TE,0,0,0,0
130,214,2,6,early,30,yes,no,NEY,0,0,0,0
130,215,2,5,early,30,yes,yes,TE,0,0,0,0
130,216,2,4,early,15,no,no,NE,0,0,0,0
130,301,3,16,late,30,no,no,NL,0,0,0,0
130,302,3,7,early,30,no,yes,TE,0,0,0,0
130,303,3,11,late,15,no,yes,TL,0,0,0,0
130,304,3,5,early,30,yes,yes,TE,0,0,0,0
130,305,3,2,early,15,yes,no,NEY,0,0,0,0
130,306,3,6,early,30,yes,no,NEY,0,0,0,0
130,307,3,8,early,30,no,no,NE,0,0,0,0
130,308,3,4,early,15,no,no,NE,0,0,0,0
130,309,3,10,late,15,yes,no,NL,0,0,0,0
130,310,3,1,early,15,yes,yes,TE,0,0,0,0
130,311,3,14,late,30,yes,no,NL,0,0,0,0
130,312,3,3,early,15,no,yes,TE,0,0,0,0
130,313,3,15,late,30,no,yes,TL,0,0,0,0
130,314,3,12,late,15,no,no,NL,0,0,0,0
130,315,3,9,late,15,yes,yes,TL,0,0,0,0
130,316,3,13,late,30,yes,yes,TL,0,0,0,0
130,401,4,8,early,30,no,no,NE,0,0,0,0
130,402,4,3,early,15,no,yes,TE,0,0,0,0
130,403,4,5,early,30,yes,yes,TE,0,0,0,0
130,404,4,15,late,30,no,yes,TL,0,0,0,0
130,405,4,4,early,15,no,no,NE,0,0,0,0
130,406,4,9,late,15,yes,yes,TL,0,0,0,0
130,407,4,16,late,30,no,no,NL,0,0,0,0
130,408,4,6,early,30,yes,no,NEY,0,0,0,0
130,409,4,11,late,15,no,yes,TL,0,0,0,0
130,410,4,1,early,15,yes,yes,TE,0,0,0,0
130,411,4,2,early,15,yes,no,NEY,0,0,0,0
130,412,4,12,late,15,no,no,NL,0,0,0,0
130,413,4,7,early,30,no,yes,TE,0,0,0,0
130,414,4,13,late,30,yes,yes,TL,0,0,0,0
130,415,4,14,late,30,yes,no,NL,0,0,0,0
130,416,4,10,late,15,yes,no,NL,0,0,0,0
137,101,1,1,early,15,yes,yes,TE,0,0,0,0
137,102,1,2,early,15,yes,no,NEY,0,0,0,0
137,103,1,3,early,15,no,yes,TE,0,0,0,0
137,104,1,4,early,15,no,no,NE,0,0,0,0
137,105,1,5,early,30,yes,yes,TE,0,0,0,0
137,106,1,6,early,30,yes,no,NEY,0,0,0,0
137,107,1,7,early,30,no,yes,TE,0,0,0,0
137,108,1,8,early,30,no,no,NE,0,0,0,0
137,109,1,9,late,15,yes,yes,TL,0,0,0,0
137,110,1,10,late,15,yes,no,NL,0,0,0,0
137,111,1,11,late,15,no,yes,TL,0,0,0,0
137,112,1,12,late,15,no,no,NL,0,0,0,0
137,113,1,13,late,30,yes,yes,TL,0,0,0,0
137,114,1,14,late,30,yes,no,NL,0,0,0,0
137,115,1,15,late,30,no,yes,TL,0,0,0,0
137,116,1,16,late,30,no,no,NL,0,0,0,0
137,201,2,11,late,15,no,yes,TL,0,0,0,0
137,202,2,7,early,30,no,yes,TE,0,0,0,0
137,203,2,12,late,15,no,no,NL,0,0,0,0
137,204,2,16,late,30,no,no,NL,0,0,0,0
137,205,2,15,late,30,no,yes,TL,0,0,0,0
137,206,2,8,early,30,no,no,NE,0,0,0,0
137,207,2,2,early,15,yes,no,NEY,0,0,0,0
137,208,2,9,late,15,yes,yes,TL,0,0,0,0
137,209,2,3,early,15,no,yes,TE,0,0,0,0
137,210,2,13,late,30,yes,yes,TL,0,0,0,0
137,211,2,10,late,15,yes,no,NL,0,0,0,0
137,212,2,14,late,30,yes,no,NL,0,0,0,0
137,213,2,1,early,15,yes,yes,TE,0,0,0,0
137,214,2,6,early,30,yes,no,NEY,0,0,0,0
137,215,2,5,early,30,yes,yes,TE,0,0,0,0
137,216,2,4,early,15,no,no,NE,0,0,0,0
137,301,3,16,late,30,no,no,NL,0,0,0,0
137,302,3,7,early,30,no,yes,TE,0,0,0,0
137,303,3,11,late,15,no,yes,TL,0,0,0,0
137,304,3,5,early,30,yes,yes,TE,0,0,0,0
137,305,3,2,early,15,yes,no,NEY,0,0,0,0
137,306,3,6,early,30,yes,no,NEY,0,0,0,0
137,307,3,8,early,30,no,no,NE,0,0,0,0
137,308,3,4,early,15,no,no,NE,0,0,0,0
137,309,3,10,late,15,yes,no,NL,0,0,0,0
137,310,3,1,early,15,yes,yes,TE,0,0,0,0
137,311,3,14,late,30,yes,no,NL,0,0,0,0
137,312,3,3,early,15,no,yes,TE,0,0,0,0
137,313,3,15,late,30,no,yes,TL,0,0,0,0
137,314,3,12,late,15,no,no,NL,0,0,0,0
137,315,3,9,late,15,yes,yes,TL,0,0,0,0
137,316,3,13,late,30,yes,yes,TL,0,0,0,0
137,401,4,8,early,30,no,no,NE,0,0,0,0
137,402,4,3,early,15,no,yes,TE,0,0,0,0
137,403,4,5,early,30,yes,yes,TE,0,0,0,0
137,404,4,15,late,30,no,yes,TL,0,0,0,0
137,405,4,4,early,15,no,no,NE,0,0,0,0
137,406,4,9,late,15,yes,yes,TL,0,0,0,0
137,407,4,16,late,30,no,no,NL,0,0,0,0
137,408,4,6,early,30,yes,no,NEY,0,0,0,0
137,409,4,11,late,15,no,yes,TL,0,0,0,0
137,410,4,1,early,15,yes,yes,TE,0,0,0,0
137,411,4,2,early,15,yes,no,NEY,0,0,0,0
137,412,4,12,late,15,no,no,NL,0,0,0,0
137,413,4,7,early,30,no,yes,TE,0,0,0,0
137,414,4,13,late,30,yes,yes,TL,0,0,0,0
137,415,4,14,late,30,yes,no,NL,0,0,0,0
137,416,4,10,late,15,yes,no,NL,0,0,0,0
143,101,1,1,early,15,yes,yes,TE,0.01,0.02,0.01,0.01
143,102,1,2,early,15,yes,no,NEY,0.01,0,0.02,0.01
143,103,1,3,early,15,no,yes,TE,0,0,0,0
143,104,1,4,early,15,no,no,NE,0,0,0,0
143,105,1,5,early,30,yes,yes,TE,0.02,0.03,0,0.02
143,106,1,6,early,30,yes,no,NEY,0.02,0.02,0,0.01
143,107,1,7,early,30,no,yes,TE,0.03,0.01,0.02,0.02
143,108,1,8,early,30,no,no,NE,0,0,0,0
143,109,1,9,late,15,yes,yes,TL,0,0,0,0
143,110,1,10,late,15,yes,no,NL,0,0,0,0
143,111,1,11,late,15,no,yes,TL,0,0,0,0
143,112,1,12,late,15,no,no,NL,0,0,0,0
143,113,1,13,late,30,yes,yes,TL,0,0,0,0
143,114,1,14,late,30,yes,no,NL,0,0,0,0
143,115,1,15,late,30,no,yes,TL,0,0,0,0
143,116,1,16,late,30,no,no,NL,0,0,0,0
143,201,2,11,late,15,no,yes,TL,0,0,0,0
143,202,2,7,early,30,no,yes,TE,0.02,0.02,0.01,0.02
143,203,2,12,late,15,no,no,NL,0,0,0,0
143,204,2,16,late,30,no,no,NL,0,0,0,0
143,205,2,15,late,30,no,yes,TL,0,0,0,0
143,206,2,8,early,30,no,no,NE,0.01,0,0,0
143,207,2,2,early,15,yes,no,NEY,0,0,0,0
143,208,2,9,late,15,yes,yes,TL,0,0,0,0
143,209,2,3,early,15,no,yes,TE,0.01,0.01,0,0.01
143,210,2,13,late,30,yes,yes,TL,0,0,0,0
143,211,2,10,late,15,yes,no,NL,0,0,0,0
143,212,2,14,late,30,yes,no,NL,0,0,0,0
143,213,2,1,early,15,yes,yes,TE,0,0,0,0
143,214,2,6,early,30,yes,no,NEY,0,0,0,0
143,215,2,5,early,30,yes,yes,TE,0.03,0.02,0.02,0.02
143,216,2,4,early,15,no,no,NE,0,0,0,0
143,301,3,16,late,30,no,no,NL,0,0,0,0
143,302,3,7,early,30,no,yes,TE,0.03,0.03,0.02,0.03
143,303,3,11,late,15,no,yes,TL,0,0,0,0
143,304,3,5,early,30,yes,yes,TE,0.02,0.01,0.02,0.02
143,305,3,2,early,15,yes,no,NEY,0,0,0,0
143,306,3,6,early,30,yes,no,NEY,0.01,0,0,0
143,307,3,8,early,30,no,no,NE,0,0.01,0,0
143,308,3,4,early,15,no,no,NE,0,0.01,0.01,0.01
143,309,3,10,late,15,yes,no,NL,0,0,0,0
143,310,3,1,early,15,yes,yes,TE,0.02,0.04,0.03,0.03
143,311,3,14,late,30,yes,no,NL,0,0,0,0
143,312,3,3,early,15,no,yes,TE,0.01,0.01,0,0.01
143,313,3,15,late,30,no,yes,TL,0,0,0,0
143,314,3,12,late,15,no,no,NL,0,0,0,0
143,315,3,9,late,15,yes,yes,TL,0,0,0,0
143,316,3,13,late,30,yes,yes,TL,0,0,0,0
143,401,4,8,early,30,no,no,NE,0.01,0,0,0
143,402,4,3,early,15,no,yes,TE,0,0,0.01,0
143,403,4,5,early,30,yes,yes,TE,0,0,0.02,0.01
143,404,4,15,late,30,no,yes,TL,0,0,0,0
143,405,4,4,early,15,no,no,NE,0,0,0.02,0.01
143,406,4,9,late,15,yes,yes,TL,0,0,0,0
143,407,4,16,late,30,no,no,NL,0,0,0,0
143,408,4,6,early,30,yes,no,NEY,0.01,0.03,0,0.01
143,409,4,11,late,15,no,yes,TL,0.01,0,0,0
143,410,4,1,early,15,yes,yes,TE,0,0,0,0
143,411,4,2,early,15,yes,no,NEY,0,0,0,0
143,412,4,12,late,15,no,no,NL,0,0,0,0
143,413,4,7,early,30,no,yes,TE,0.03,0.02,0.02,0.02
143,414,4,13,late,30,yes,yes,TL,0,0,0,0
143,415,4,14,late,30,yes,no,NL,0,0,0,0
143,416,4,10,late,15,yes,no,NL,0,0,0,0
151,101,1,1,early,15,yes,yes,TE,2.3,2.2,2.1,2.2
151,102,1,2,early,15,yes,no,NEY,1.93,2.2,2.15,2.09
151,103,1,3,early,15,no,yes,TE,3.86,2.45,2.75,3.02
151,104,1,4,early,15,no,no,NE,1.17,1.09,1.28,1.18
151,105,1,5,early,30,yes,yes,TE,1.49,1.99,1.16,1.55
151,106,1,6,early,30,yes,no,NEY,2.02,1.84,1.48,1.78
151,107,1,7,early,30,no,yes,TE,2.91,2.52,3.39,2.94
151,108,1,8,early,30,no,no,NE,2,1.53,1.33,1.62
151,109,1,9,late,15,yes,yes,TL,0,0,0,0
151,110,1,10,late,15,yes,no,NL,0,0,0,0
151,111,1,11,late,15,no,yes,TL,0,0,0,0
151,112,1,12,late,15,no,no,NL,0,0,0,0
151,113,1,13,late,30,yes,yes,TL,0,0,0,0
151,114,1,14,late,30,yes,no,NL,0,0,0,0
151,115,1,15,late,30,no,yes,TL,0,0,0,0
151,116,1,16,late,30,no,no,NL,0,0,0,0
151,201,2,11,late,15,no,yes,TL,0,0,0,0
151,202,2,7,early,30,no,yes,TE,2.14,1.02,2.48,1.88
151,203,2,12,late,15,no,no,NL,0,0,0,0
151,204,2,16,late,30,no,no,NL,0,0,0,0
151,205,2,15,late,30,no,yes,TL,0,0,0,0
151,206,2,8,early,30,no,no,NE,1.44,1.26,2.51,1.74
151,207,2,2,early,15,yes,no,NEY,0.9,0.93,0.81,0.88
151,208,2,9,late,15,yes,yes,TL,0,0,0,0
151,209,2,3,early,15,no,yes,TE,1.21,1.65,1.39,1.42
151,210,2,13,late,30,yes,yes,TL,0,0,0,0
151,211,2,10,late,15,yes,no,NL,0,0,0,0
151,212,2,14,late,30,yes,no,NL,0,0,0,0
151,213,2,1,early,15,yes,yes,TE,0.89,1.02,1.14,1.02
151,214,2,6,early,30,yes,no,NEY,1.02,1.02,0.99,1.01
151,215,2,5,early,30,yes,yes,TE,1.49,1.08,1.61,1.39
151,216,2,4,early,15,no,no,NE,0.91,0.92,1.33,1.05
151,301,3,16,late,30,no,no,NL,0,0,0,0
151,302,3,7,early,30,no,yes,TE,3.36,2.9,3.7,3.32
151,303,3,11,late,15,no,yes,TL,0,0,0,0
151,304,3,5,early,30,yes,yes,TE,2.02,1.78,2.07,1.96
151,305,3,2,early,15,yes,no,NEY,0.6,0.66,0.87,0.71
151,306,3,6,early,30,yes,no,NEY,1.18,2.04,4.54,2.59
151,307,3,8,early,30,no,no,NE,0,0,0,0
151,308,3,4,early,15,no,no,NE,0,0,0,0
151,309,3,10,late,15,yes,no,NL,0,0,0,0
151,310,3,1,early,15,yes,yes,TE,2.48,2.34,2.3,2.37
151,311,3,14,late,30,yes,no,NL,0,0,0,0
151,312,3,3,early,15,no,yes,TE,4.11,4.78,4.62,4.5
151,313,3,15,late,30,no,yes,TL,0,0,0,0
151,314,3,12,late,15,no,no,NL,0,0,0,0
151,315,3,9,late,15,yes,yes,TL,0,0,0,0
151,316,3,13,late,30,yes,yes,TL,0,0,0,0
151,401,4,8,early,30,no,no,NE,1.37,1.36,0.95,1.23
151,402,4,3,early,15,no,yes,TE,1.99,1.41,2.55,1.98
151,403,4,5,early,30,yes,yes,TE,0.91,0.76,0.99,0.89
151,404,4,15,late,30,no,yes,TL,0,0,0,0
151,405,4,4,early,15,no,no,NE,0.86,0.94,0.54,0.78
151,406,4,9,late,15,yes,yes,TL,0,0,0,0
151,407,4,16,late,30,no,no,NL,0,0,0,0
151,408,4,6,early,30,yes,no,NEY,0.76,1.17,0.93,0.95
151,409,4,11,late,15,no,yes,TL,0,0,0,0
151,410,4,1,early,15,yes,yes,TE,1.35,1.24,1.36,1.32
151,411,4,2,early,15,yes,no,NEY,0.8,0.44,0.62,0.62
151,412,4,12,late,15,no,no,NL,0,0,0,0
151,413,4,7,early,30,no,yes,TE,1.52,1.94,1.56,1.67
151,414,4,13,late,30,yes,yes,TL,0,0,0,0
151,415,4,14,late,30,yes,no,NL,0,0,0,0
151,416,4,10,late,15,yes,no,NL,0,0,0,0
158,101,1,1,early,15,yes,yes,TE,4.46,3.9,3.99,4.12
158,102,1,2,early,15,yes,no,NEY,3.58,3.26,3.55,3.46
158,103,1,3,early,15,no,yes,TE,4.7,4.1,4.12,4.31
158,104,1,4,early,15,no,no,NE,7.12,7.56,7.52,7.4
158,105,1,5,early,30,yes,yes,TE,6.12,5.12,5.23,5.49
158,106,1,6,early,30,yes,no,NEY,4.68,4.61,4.72,4.67
158,107,1,7,early,30,no,yes,TE,7.48,6.55,6.35,6.79
158,108,1,8,early,30,no,no,NE,6.33,6.81,6.12,6.42
158,109,1,9,late,15,yes,yes,TL,1.2,1.24,1.18,1.21
158,110,1,10,late,15,yes,no,NL,0.99,0.85,0.81,0.88
158,111,1,11,late,15,no,yes,TL,1.9,2.01,2.1,2
158,112,1,12,late,15,no,no,NL,1.23,1.4,1.39,1.34
158,113,1,13,late,30,yes,yes,TL,1.9,1.81,1.85,1.85
158,114,1,14,late,30,yes,no,NL,1.35,1.52,1.43,1.43
158,115,1,15,late,30,no,yes,TL,2.8,2.51,2.5,2.6
158,116,1,16,late,30,no,no,NL,2.08,1.91,2.01,2
158,201,2,11,late,15,no,yes,TL,1.88,2.04,2,1.97
158,202,2,7,early,30,no,yes,TE,7.52,6.43,6.53,6.83
158,203,2,12,late,15,no,no,NL,1.18,1.44,1.41,1.34
158,204,2,16,late,30,no,no,NL,2.03,1.86,2.05,1.98
158,205,2,15,late,30,no,yes,TL,2.72,2.58,2.52,2.61
158,206,2,8,early,30,no,no,NE,6.39,6.87,6.55,6.6
158,207,2,2,early,15,yes,no,NEY,3.42,3.24,3.32,3.33
158,208,2,9,late,15,yes,yes,TL,1.1,1.08,1.09,1.09
158,209,2,3,early,15,no,yes,TE,4.75,4.1,4.3,4.38
158,210,2,13,late,30,yes,yes,TL,1.88,1.89,1.81,1.86
158,211,2,10,late,15,yes,no,NL,0.92,0.79,0.86,0.86
158,212,2,14,late,30,yes,no,NL,1.3,1.6,1.46,1.45
158,213,2,1,early,15,yes,yes,TE,4.41,3.76,3.99,4.05
158,214,2,6,early,30,yes,no,NEY,4.53,4.99,4.62,4.71
158,215,2,5,early,30,yes,yes,TE,6.31,5.09,5.56,5.65
158,216,2,4,early,15,no,no,NE,7.22,7.84,7.68,7.58
158,301,3,16,late,30,no,no,NL,2.07,1.8,1.99,1.95
158,302,3,7,early,30,no,yes,TE,7.2,6.82,6.58,6.87
158,303,3,11,late,15,no,yes,TL,1.81,2.02,1.99,1.94
158,304,3,5,early,30,yes,yes,TE,6.3,5.1,5.49,5.63
158,305,3,2,early,15,yes,no,NEY,3.41,3.21,3.38,3.33
158,306,3,6,early,30,yes,no,NEY,4.58,4.92,4.61,4.7
158,307,3,8,early,30,no,no,NE,6.41,6.81,6.49,6.57
158,308,3,4,early,15,no,no,NE,7.25,7.79,7.62,7.55
158,309,3,10,late,15,yes,no,NL,1.01,0.85,0.92,0.93
158,310,3,1,early,15,yes,yes,TE,4.98,3.86,4.1,4.31
158,311,3,14,late,30,yes,no,NL,1.38,1.59,1.48,1.48
158,312,3,3,early,15,no,yes,TE,4.78,4.12,4.35,4.42
158,313,3,15,late,30,no,yes,TL,5.78,2.52,2.58,3.63
158,314,3,12,late,15,no,no,NL,1.19,1.58,1.47,1.41
158,315,3,9,late,15,yes,yes,TL,1.15,1.21,1.17,1.18
158,316,3,13,late,30,yes,yes,TL,1.89,1.94,1.86,1.9
158,401,4,8,early,30,no,no,NE,6.3,6.7,6.48,6.49
158,402,4,3,early,15,no,yes,TE,6.67,8.34,7.21,7.41
158,403,4,5,early,30,yes,yes,TE,5.46,4.93,5.12,5.17
158,404,4,15,late,30,no,yes,TL,2.36,2.58,2.43,2.46
158,405,4,4,early,15,no,no,NE,4.27,3.28,3.98,3.84
158,406,4,9,late,15,yes,yes,TL,1.15,1.19,1.14,1.16
158,407,4,16,late,30,no,no,NL,2,2.43,2.28,2.24
158,408,4,6,early,30,yes,no,NEY,5.16,6.21,5.93,5.77
158,409,4,11,late,15,no,yes,TL,2.24,1.66,2.1,2
158,410,4,1,early,15,yes,yes,TE,4.35,3.46,3.99,3.93
158,411,4,2,early,15,yes,no,NEY,3.25,3.37,3.26,3.29
158,412,4,12,late,15,no,no,NL,1.58,2.89,2.56,2.34
158,413,4,7,early,30,no,yes,TE,6.58,6.76,6.66,6.67
158,414,4,13,late,30,yes,yes,TL,1.68,1.71,1.69,1.69
158,415,4,14,late,30,yes,no,NL,1.39,1.71,1.58,1.56
158,416,4,10,late,15,yes,no,NL,0.88,0.84,0.81,0.84
168,101,1,1,early,15,yes,yes,TE,14.12,14.52,16.14,14.93
168,102,1,2,early,15,yes,no,NEY,11.66,11.93,12.2,11.93
168,103,1,3,early,15,no,yes,TE,16.16,21.55,19.08,18.93
168,104,1,4,early,15,no,no,NE,13.77,13.52,8.9,12.06
168,105,1,5,early,30,yes,yes,TE,19.18,18.11,19.03,18.77
168,106,1,6,early,30,yes,no,NEY,9.66,10.2,13.56,11.14
168,107,1,7,early,30,no,yes,TE,20.66,17.99,19.63,19.43
168,108,1,8,early,30,no,no,NE,15.61,14.58,14.72,14.97
168,109,1,9,late,15,yes,yes,TL,3.86,3.13,2.93,3.31
168,110,1,10,late,15,yes,no,NL,2.42,2.57,2.61,2.53
168,111,1,11,late,15,no,yes,TL,4.84,4.81,3.05,4.23
168,112,1,12,late,15,no,no,NL,4.8,3.52,3.48,3.93
168,113,1,13,late,30,yes,yes,TL,6.57,6.31,5.4,6.09
168,114,1,14,late,30,yes,no,NL,4.89,4.98,4.68,4.85
168,115,1,15,late,30,no,yes,TL,7.18,6.73,6.95,6.95
168,116,1,16,late,30,no,no,NL,5.19,5.05,4.64,4.96
168,201,2,11,late,15,no,yes,TL,6.55,5.23,5.54,5.77
168,202,2,7,early,30,no,yes,TE,16.49,15.27,16.56,16.11
168,203,2,12,late,15,no,no,NL,4.74,5.06,4.4,4.73
168,204,2,16,late,30,no,no,NL,6.8,5.56,7.22,6.53
168,205,2,15,late,30,no,yes,TL,7.94,7.38,10.33,8.55
168,206,2,8,early,30,no,no,NE,16,17.7,15.94,16.55
168,207,2,2,early,15,yes,no,NEY,10.02,9.36,8.16,9.18
168,208,2,9,late,15,yes,yes,TL,4.99,4.92,5.38,5.1
168,209,2,3,early,15,no,yes,TE,16.28,22.31,20.01,19.53
168,210,2,13,late,30,yes,yes,TL,5.81,5.13,6.23,5.72
168,211,2,10,late,15,yes,no,NL,3.6,3.66,2.88,3.38
168,212,2,14,late,30,yes,no,NL,3.76,4.43,4.75,4.31
168,213,2,1,early,15,yes,yes,TE,14.34,12.16,13.84,13.45
168,214,2,6,early,30,yes,no,NEY,10.33,9.8,9.72,9.95
168,215,2,5,early,30,yes,yes,TE,14.7,14.02,14.3,14.34
168,216,2,4,early,15,no,no,NE,11,13.33,12.82,12.38
168,301,3,16,late,30,no,no,NL,5.74,5.94,5.71,5.8
168,302,3,7,early,30,no,yes,TE,14.39,14.72,17.45,15.52
168,303,3,11,late,15,no,yes,TL,5.31,5.55,5.45,5.44
168,304,3,5,early,30,yes,yes,TE,15.16,16.11,16.98,16.08
168,305,3,2,early,15,yes,no,NEY,6.6,8.31,8.63,7.85
168,306,3,6,early,30,yes,no,NEY,11.34,11.33,11.31,11.33
168,307,3,8,early,30,no,no,NE,11.77,12.55,13.53,12.62
168,308,3,4,early,15,no,no,NE,13.32,12.53,15.33,13.73
168,309,3,10,late,15,yes,no,NL,2.86,3.28,3.72,3.29
168,310,3,1,early,15,yes,yes,TE,16.59,11.79,11.36,13.25
168,311,3,14,late,30,yes,no,NL,4.66,4.3,2.79,3.92
168,312,3,3,early,15,no,yes,TE,21.49,17.63,18.78,19.3
168,313,3,15,late,30,no,yes,TL,5.62,7.31,7.33,6.75
168,314,3,12,late,15,no,no,NL,4.5,4.81,3.49,4.27
168,315,3,9,late,15,yes,yes,TL,4.4,3.98,3.99,4.12
168,316,3,13,late,30,yes,yes,TL,6.03,5.8,4.89,5.57
168,401,4,8,early,30,no,no,NE,16.02,14.95,15.21,15.39
168,402,4,3,early,15,no,yes,TE,16.1,19.88,19.12,18.37
168,403,4,5,early,30,yes,yes,TE,19.32,18.56,19.15,19.01
168,404,4,15,late,30,no,yes,TL,7.28,6.89,7.01,7.06
168,405,4,4,early,15,no,no,NE,14.12,13.59,11.02,12.91
168,406,4,9,late,15,yes,yes,TL,3.88,3.52,3.02,3.47
168,407,4,16,late,30,no,no,NL,5.28,5.18,4.96,5.14
168,408,4,6,early,30,yes,no,NEY,9.88,11.78,12.52,11.39
168,409,4,11,late,15,no,yes,TL,4.95,4.89,4.96,4.93
168,410,4,1,early,15,yes,yes,TE,14.99,14.78,15.65,15.14
168,411,4,2,early,15,yes,no,NEY,11.89,11.99,12.53,12.14
168,412,4,12,late,15,no,no,NL,4.96,3.79,3.59,4.11
168,413,4,7,early,30,no,yes,TE,21.02,18.12,19.52,19.55
168,414,4,13,late,30,yes,yes,TL,6.48,6.12,5.85,6.15
168,415,4,14,late,30,yes,no,NL,4.85,4.91,4.78,4.85
168,416,4,10,late,15,yes,no,NL,2.52,2.56,2.59,2.56
175,101,1,1,early,15,yes,yes,TE,31.98,34.02,32.26,32.75
175,102,1,2,early,15,yes,no,NEY,23.31,24.05,23.99,23.78
175,103,1,3,early,15,no,yes,TE,29.24,32.71,31.51,31.15
175,104,1,4,early,15,no,no,NE,27.01,23.56,19.87,23.48
175,105,1,5,early,30,yes,yes,TE,37.45,35.51,36.42,36.46
175,106,1,6,early,30,yes,no,NEY,25.26,23.22,27.02,25.17
175,107,1,7,early,30,no,yes,TE,36.43,34.63,37.56,36.21
175,108,1,8,early,30,no,no,NE,30.38,28.78,29.66,29.61
175,109,1,9,late,15,yes,yes,TL,9.37,12.83,11.58,11.26
175,110,1,10,late,15,yes,no,NL,10.24,10.55,10.54,10.44
175,111,1,11,late,15,no,yes,TL,16.22,16.23,16.2,16.22
175,112,1,12,late,15,no,no,NL,17.68,14.12,13.47,15.09
175,113,1,13,late,30,yes,yes,TL,18.03,17.78,18.03,17.95
175,114,1,14,late,30,yes,no,NL,14.32,12.78,14.31,13.8
175,115,1,15,late,30,no,yes,TL,19.59,17.67,18.31,18.52
175,116,1,16,late,30,no,no,NL,17.73,17.1,17.01,17.28
175,201,2,11,late,15,no,yes,TL,22.7,19.56,20.56,20.94
175,202,2,7,early,30,no,yes,TE,37.94,34.74,36.12,36.27
175,203,2,12,late,15,no,no,NL,17.66,20.04,16.94,18.21
175,204,2,16,late,30,no,no,NL,18.88,16.73,18.51,18.04
175,205,2,15,late,30,no,yes,TL,18.35,18.12,17.99,18.15
175,206,2,8,early,30,no,no,NE,31.59,33.59,33.59,32.92
175,207,2,2,early,15,yes,no,NEY,23.22,24.56,23.09,23.62
175,208,2,9,late,15,yes,yes,TL,17.73,14.58,16.95,16.42
175,209,2,3,early,15,no,yes,TE,38.75,33.26,34.1,35.37
175,210,2,13,late,30,yes,yes,TL,20.36,18.75,19.46,19.52
175,211,2,10,late,15,yes,no,NL,10.98,12.91,10.6,11.5
175,212,2,14,late,30,yes,no,NL,13.48,14,15.23,14.24
175,213,2,1,early,15,yes,yes,TE,31.58,29.47,30.28,30.44
175,214,2,6,early,30,yes,no,NEY,23.19,25.07,21.4,23.22
175,215,2,5,early,30,yes,yes,TE,28.66,27.91,27.42,28
175,216,2,4,early,15,no,no,NE,29.41,33.68,32.1,31.73
175,301,3,16,late,30,no,no,NL,19.18,16.32,16.48,17.33
175,302,3,7,early,30,no,yes,TE,33.57,32.2,31.99,32.59
175,303,3,11,late,15,no,yes,TL,19.38,19.9,19.12,19.47
175,304,3,5,early,30,yes,yes,TE,30.9,31.16,30.98,31.01
175,305,3,2,early,15,yes,no,NEY,24.29,19.67,22.21,22.06
175,306,3,6,early,30,yes,no,NEY,29.79,28.58,23.39,27.25
175,307,3,8,early,30,no,no,NE,28.38,28.19,28.6,28.39
175,308,3,4,early,15,no,no,NE,32.02,30.59,33.48,32.03
175,309,3,10,late,15,yes,no,NL,11.1,12.16,13.28,12.18
175,310,3,1,early,15,yes,yes,TE,42.31,31.64,35.63,36.53
175,311,3,14,late,30,yes,no,NL,15.97,11.68,14.95,14.2
175,312,3,3,early,15,no,yes,TE,39.35,39.26,38.98,39.2
175,313,3,15,late,30,no,yes,TL,16.96,19.92,18.12,18.33
175,314,3,12,late,15,no,no,NL,14.57,17.04,14.57,15.39
175,315,3,9,late,15,yes,yes,TL,16.76,14.23,18.19,16.39
175,316,3,13,late,30,yes,yes,TL,17.78,15.72,16.96,16.82
175,401,4,8,early,30,no,no,NE,31.02,28.52,29.16,29.57
175,402,4,3,early,15,no,yes,TE,29.12,31.95,31.49,30.85
175,403,4,5,early,30,yes,yes,TE,36.66,35.48,36.42,36.19
175,404,4,15,late,30,no,yes,TL,19.68,17.96,18.12,18.59
175,405,4,4,early,15,no,no,NE,26.96,23.49,20.93,23.79
175,406,4,9,late,15,yes,yes,TL,9.61,12.79,12.02,11.47
175,407,4,16,late,30,no,no,NL,17.53,17.32,17.68,17.51
175,408,4,6,early,30,yes,no,NEY,25.38,23.96,26.98,25.44
175,409,4,11,late,15,no,yes,TL,16.28,16.49,16.92,16.56
175,410,4,1,early,15,yes,yes,TE,32.01,33.68,31.99,32.56
175,411,4,2,early,15,yes,no,NEY,23.91,24.12,24.01,24.01
175,412,4,12,late,15,no,no,NL,17.85,14.81,14.04,15.57
175,413,4,7,early,30,no,yes,TE,36.48,34.88,36.98,36.11
175,414,4,13,late,30,yes,yes,TL,18.12,17.85,18.28,18.08
175,415,4,14,late,30,yes,no,NL,15.02,13.25,14.1,14.12
175,416,4,10,late,15,yes,no,NL,10.98,10.65,10.79,10.81
182,101,1,1,early,15,yes,yes,TE,62.05,66.8,64.2,64.35
182,102,1,2,early,15,yes,no,NEY,50.75,56.5,55.6,54.28
182,103,1,3,early,15,no,yes,TE,62.77,68.37,65.55,65.56
182,104,1,4,early,15,no,no,NE,56.27,51.97,46.48,51.57
182,105,1,5,early,30,yes,yes,TE,51.48,51.37,47.43,50.09
182,106,1,6,early,30,yes,no,NEY,37.44,37.14,41.24,38.61
182,107,1,7,early,30,no,yes,TE,51.38,51.12,52.55,51.68
182,108,1,8,early,30,no,no,NE,44.34,42.1,45.36,43.93
182,109,1,9,late,15,yes,yes,TL,23.04,24.86,20.88,22.93
182,110,1,10,late,15,yes,no,NL,20.16,20.61,21.1,20.62
182,111,1,11,late,15,no,yes,TL,30.02,33.52,31.12,31.55
182,112,1,12,late,15,no,no,NL,32.8,26.16,29.01,29.32
182,113,1,13,late,30,yes,yes,TL,30.15,31.38,28.34,29.96
182,114,1,14,late,30,yes,no,NL,25.36,26.67,20.79,24.27
182,115,1,15,late,30,no,yes,TL,33.57,32.64,31.58,32.6
182,116,1,16,late,30,no,no,NL,31.85,29.94,29,30.26
182,201,2,11,late,15,no,yes,TL,45.24,39.44,41.58,42.09
182,202,2,7,early,30,no,yes,TE,53.7,48.01,50.28,50.66
182,203,2,12,late,15,no,no,NL,35.96,33.23,35.94,35.04
182,204,2,16,late,30,no,no,NL,30.08,30.09,31.47,30.55
182,205,2,15,late,30,no,yes,TL,34.04,33.1,32,33.05
182,206,2,8,early,30,no,no,NE,48.29,50.38,49.14,49.27
182,207,2,2,early,15,yes,no,NEY,40.92,41.18,36.5,39.53
182,208,2,9,late,15,yes,yes,TL,31.47,27.39,28.16,29.01
182,209,2,3,early,15,no,yes,TE,62.55,60.9,53.89,59.11
182,210,2,13,late,30,yes,yes,TL,32.41,32.13,31.48,32.01
182,211,2,10,late,15,yes,no,NL,27.61,24.77,19.18,23.85
182,212,2,14,late,30,yes,no,NL,25.7,26.31,29.58,27.2
182,213,2,1,early,15,yes,yes,TE,49.24,45.8,41.42,45.49
182,214,2,6,early,30,yes,no,NEY,38.01,36.99,40.2,38.4
182,215,2,5,early,30,yes,yes,TE,44.35,44.18,43.16,43.9
182,216,2,4,early,15,no,no,NE,51.54,55.13,53.22,53.3
182,301,3,16,late,30,no,no,NL,33.73,31.53,29.8,31.69
182,302,3,7,early,30,no,yes,TE,55.66,49.22,49.13,51.34
182,303,3,11,late,15,no,yes,TL,33.96,36.04,35.36,35.12
182,304,3,5,early,30,yes,yes,TE,50.6,49.98,49.12,49.9
182,305,3,2,early,15,yes,no,NEY,44.46,38.28,38,40.25
182,306,3,6,early,30,yes,no,NEY,44.02,38.51,41.26,41.26
182,307,3,8,early,30,no,no,NE,44.38,40.78,45.22,43.46
182,308,3,4,early,15,no,no,NE,45.8,57.69,57.69,53.73
182,309,3,10,late,15,yes,no,NL,21.04,24.15,22.85,22.68
182,310,3,1,early,15,yes,yes,TE,73.67,64.41,68.35,68.81
182,311,3,14,late,30,yes,no,NL,29.84,30.88,27.89,29.54
182,312,3,3,early,15,no,yes,TE,66.54,68.67,67.22,67.48
182,313,3,15,late,30,no,yes,TL,30.73,33.75,32.22,32.23
182,314,3,12,late,15,no,no,NL,28.49,29.84,25.83,28.05
182,315,3,9,late,15,yes,yes,TL,30.52,27.85,31.95,30.11
182,316,3,13,late,30,yes,yes,TL,28.51,28.23,28.01,28.25
182,401,4,8,early,30,no,no,NE,43.64,47.25,43.7,44.86
182,402,4,3,early,15,no,yes,TE,81.58,81.96,76.41,79.98
182,403,4,5,early,30,yes,yes,TE,38.62,44.5,43.52,42.21
182,404,4,15,late,30,no,yes,TL,37.51,39.89,36.68,38.03
182,405,4,4,early,15,no,no,NE,46.5,49.34,50.51,48.78
182,406,4,9,late,15,yes,yes,TL,37.82,36.38,35.28,36.49
182,407,4,16,late,30,no,no,NL,30.59,32.87,29.28,30.91
182,408,4,6,early,30,yes,no,NEY,39.87,44.44,42.55,42.29
182,409,4,11,late,15,no,yes,TL,34.01,35.43,35.1,34.85
182,410,4,1,early,15,yes,yes,TE,56.75,55.95,53.88,55.53
182,411,4,2,early,15,yes,no,NEY,43.57,53.32,47.3,48.06
182,412,4,12,late,15,no,no,NL,25.37,24.9,24.01,24.76
182,413,4,7,early,30,no,yes,TE,47.98,49.47,45.47,47.64
182,414,4,13,late,30,yes,yes,TL,27.76,28.14,27.11,27.67
182,415,4,14,late,30,yes,no,NL,29.41,26.25,28.1,27.92
182,416,4,10,late,15,yes,no,NL,22.01,19.17,22.89,21.36
189,101,1,1,early,15,yes,yes,TE,85.32,87.6,85.14,86.02
189,102,1,2,early,15,yes,no,NEY,77.25,82.49,78.32,79.35
189,103,1,3,early,15,no,yes,TE,86.68,85.6,85.69,85.99
189,104,1,4,early,15,no,no,NE,82.25,82.44,69.02,77.9
189,105,1,5,early,30,yes,yes,TE,68.05,69.92,72.96,70.31
189,106,1,6,early,30,yes,no,NEY,54.44,53.88,58.36,55.56
189,107,1,7,early,30,no,yes,TE,71.24,70.56,72.58,71.46
189,108,1,8,early,30,no,no,NE,61.14,59.94,65.06,62.05
189,109,1,9,late,15,yes,yes,TL,45.26,42.2,38.1,41.85
189,110,1,10,late,15,yes,no,NL,47.37,36.82,40.77,41.65
189,111,1,11,late,15,no,yes,TL,54.11,53.32,52.4,53.28
189,112,1,12,late,15,no,no,NL,53.05,44.49,45.27,47.6
189,113,1,13,late,30,yes,yes,TL,47.57,45.68,45.88,46.38
189,114,1,14,late,30,yes,no,NL,42.25,43.55,36.96,40.92
189,115,1,15,late,30,no,yes,TL,48.41,50.67,49.56,49.55
189,116,1,16,late,30,no,no,NL,46.65,43.58,44.69,44.97
189,201,2,11,late,15,no,yes,TL,60.43,58.31,53.99,57.58
189,202,2,7,early,30,no,yes,TE,76.7,70.94,71.34,72.99
189,203,2,12,late,15,no,no,NL,48.68,55.19,47.86,50.58
189,204,2,16,late,30,no,no,NL,47.61,47.91,46.3,47.27
189,205,2,15,late,30,no,yes,TL,43.95,44.82,43.99,44.25
189,206,2,8,early,30,no,no,NE,65.78,70.17,74.2,70.05
189,207,2,2,early,15,yes,no,NEY,64.4,63.61,64.87,64.29
189,208,2,9,late,15,yes,yes,TL,46.11,45.5,48.2,46.6
189,209,2,3,early,15,no,yes,TE,81.63,82.17,77.2,80.33
189,210,2,13,late,30,yes,yes,TL,51.97,51.73,50.6,51.43
189,211,2,10,late,15,yes,no,NL,43.47,44.62,43.83,43.97
189,212,2,14,late,30,yes,no,NL,42.57,41.57,39.22,41.12
189,213,2,1,early,15,yes,yes,TE,64.87,74.12,66.81,68.6
189,214,2,6,early,30,yes,no,NEY,52.63,54.28,50.29,52.4
189,215,2,5,early,30,yes,yes,TE,59.67,61.46,59.03,60.05
189,216,2,4,early,15,no,no,NE,66.8,67.55,68.3,67.55
189,301,3,16,late,30,no,no,NL,47.91,40.51,40,42.81
189,302,3,7,early,30,no,yes,TE,67.97,67.53,70.15,68.55
189,303,3,11,late,15,no,yes,TL,52.69,56.14,54.45,54.43
189,304,3,5,early,30,yes,yes,TE,68.49,68.92,69.23,68.88
189,305,3,2,early,15,yes,no,NEY,66.34,51.42,62.1,59.95
189,306,3,6,early,30,yes,no,NEY,65.36,60.41,54.54,60.1
189,307,3,8,early,30,no,no,NE,62.2,60.78,66.12,63.03
189,308,3,4,early,15,no,no,NE,76.58,72.05,79.83,76.15
189,309,3,10,late,15,yes,no,NL,36.98,41.69,43.11,40.59
189,310,3,1,early,15,yes,yes,TE,83.78,74.09,70.34,76.07
189,311,3,14,late,30,yes,no,NL,46.46,44.93,36.77,42.72
189,312,3,3,early,15,no,yes,TE,78.86,81.65,81.73,80.75
189,313,3,15,late,30,no,yes,TL,46.68,48.77,48.11,47.85
189,314,3,12,late,15,no,no,NL,48.63,45.68,45.73,46.68
189,315,3,9,late,15,yes,yes,TL,52.63,45.89,57.94,52.15
189,316,3,13,late,30,yes,yes,TL,40.17,42.31,42.95,41.81
189,401,4,8,early,30,no,no,NE,63.21,65.19,63.82,64.07
189,402,4,3,early,15,no,yes,TE,91.96,94.8,90.48,92.41
189,403,4,5,early,30,yes,yes,TE,58.91,60.67,59.98,59.85
189,404,4,15,late,30,no,yes,TL,48.01,50.91,49.67,49.53
189,405,4,4,early,15,no,no,NE,67.08,67.08,68.58,67.58
189,406,4,9,late,15,yes,yes,TL,56.15,54.13,55.12,55.13
189,407,4,16,late,30,no,no,NL,42.06,45.94,43.43,43.81
189,408,4,6,early,30,yes,no,NEY,52.2,58.91,56.23,55.78
189,409,4,11,late,15,no,yes,TL,51.23,56.38,54.12,53.91
189,410,4,1,early,15,yes,yes,TE,71.87,67.5,69.57,69.65
189,411,4,2,early,15,yes,no,NEY,64.24,69.56,64.52,66.11
189,412,4,12,late,15,no,no,NL,34.74,30.39,31.01,32.05
189,413,4,7,early,30,no,yes,TE,68.23,69.43,64.67,67.44
189,414,4,13,late,30,yes,yes,TL,40.31,43.08,43.07,42.15
189,415,4,14,late,30,yes,no,NL,44.06,39.63,43.71,42.47
189,416,4,10,late,15,yes,no,NL,34.71,30.59,38.06,34.45
196,101,1,1,early,15,yes,yes,TE,98.29,99.07,97.66,98.34
196,102,1,2,early,15,yes,no,NEY,94.49,96.61,92.79,94.63
196,103,1,3,early,15,no,yes,TE,97.71,96.22,99.35,97.76
196,104,1,4,early,15,no,no,NE,98.26,98.46,95.52,97.41
196,105,1,5,early,30,yes,yes,TE,81.7,84.73,86.02,84.15
196,106,1,6,early,30,yes,no,NEY,72.11,71.71,76.73,73.52
196,107,1,7,early,30,no,yes,TE,88.69,87.87,89.41,88.66
196,108,1,8,early,30,no,no,NE,80.81,78.86,81.47,80.38
196,109,1,9,late,15,yes,yes,TL,72.09,68.84,71.12,70.68
196,110,1,10,late,15,yes,no,NL,81.78,67.61,72.91,74.1
196,111,1,11,late,15,no,yes,TL,84.73,81.1,82.87,82.9
196,112,1,12,late,15,no,no,NL,83.72,74.62,76.29,78.21
196,113,1,13,late,30,yes,yes,TL,68.99,66.35,64.56,66.63
196,114,1,14,late,30,yes,no,NL,63.7,64.98,57.25,61.98
196,115,1,15,late,30,no,yes,TL,70,67.58,60.73,66.1
196,116,1,16,late,30,no,no,NL,67.12,67.13,66.99,67.08
196,201,2,11,late,15,no,yes,TL,92.61,89.81,90.3,90.91
196,202,2,7,early,30,no,yes,TE,90.32,85.84,91.39,89.18
196,203,2,12,late,15,no,no,NL,85.07,88.51,84.77,86.12
196,204,2,16,late,30,no,no,NL,66.51,65.66,67.19,66.45
196,205,2,15,late,30,no,yes,TL,61.05,57.65,59.28,59.33
196,206,2,8,early,30,no,no,NE,86.79,88.13,86.43,87.12
196,207,2,2,early,15,yes,no,NEY,92.76,89.16,82.43,88.12
196,208,2,9,late,15,yes,yes,TL,86.32,82.41,80.54,83.09
196,209,2,3,early,15,no,yes,TE,98.75,98.65,96.27,97.89
196,210,2,13,late,30,yes,yes,TL,71.25,71.81,72.8,71.95
196,211,2,10,late,15,yes,no,NL,84.57,80.89,69.15,78.2
196,212,2,14,late,30,yes,no,NL,60.22,62.11,64.57,62.3
196,213,2,1,early,15,yes,yes,TE,96.09,91.71,94.48,94.09
196,214,2,6,early,30,yes,no,NEY,71.39,71.75,71.46,71.53
196,215,2,5,early,30,yes,yes,TE,78.6,77.46,76.86,77.64
196,216,2,4,early,15,no,no,NE,94.32,95.44,97.16,95.64
196,301,3,16,late,30,no,no,NL,68.06,64.8,63.81,65.56
196,302,3,7,early,30,no,yes,TE,87.88,88.52,88.88,88.43
196,303,3,11,late,15,no,yes,TL,89.68,88.78,76.43,84.96
196,304,3,5,early,30,yes,yes,TE,87.67,89.72,87.67,88.35
196,305,3,2,early,15,yes,no,NEY,85.18,88.55,85.61,86.45
196,306,3,6,early,30,yes,no,NEY,78.61,74.2,69.05,73.95
196,307,3,8,early,30,no,no,NE,83.87,79.15,80.1,81.04
196,308,3,4,early,15,no,no,NE,93.85,91.24,93.27,92.79
196,309,3,10,late,15,yes,no,NL,82.47,83.92,84.15,83.51
196,310,3,1,early,15,yes,yes,TE,93.43,92.93,93.67,93.34
196,311,3,14,late,30,yes,no,NL,69.76,60.38,65.36,65.17
196,312,3,3,early,15,no,yes,TE,98.29,98.61,98.86,98.59
196,313,3,15,late,30,no,yes,TL,69.47,70.95,68.08,69.5
196,314,3,12,late,15,no,no,NL,87.83,82.2,85.55,85.19
196,315,3,9,late,15,yes,yes,TL,88.7,92.42,91.94,91.02
196,316,3,13,late,30,yes,yes,TL,67.05,67.97,68.1,67.71
196,401,4,8,early,30,no,no,NE,86.12,87.33,84.28,85.91
196,402,4,3,early,15,no,yes,TE,97.6,95.7,95.57,96.29
196,403,4,5,early,30,yes,yes,TE,73.84,81.89,76.24,77.32
196,404,4,15,late,30,no,yes,TL,72.46,74.81,75.79,74.35
196,405,4,4,early,15,no,no,NE,95.12,92.36,92.22,93.23
196,406,4,9,late,15,yes,yes,TL,89.6,87.29,86.53,87.81
196,407,4,16,late,30,no,no,NL,69.2,67.29,65.52,67.34
196,408,4,6,early,30,yes,no,NEY,74.64,74.46,74.28,74.46
196,409,4,11,late,15,no,yes,TL,62.51,67.97,74.18,68.22
196,410,4,1,early,15,yes,yes,TE,91.26,91.95,96.45,93.22
196,411,4,2,early,15,yes,no,NEY,95,91.61,86.8,91.14
196,412,4,12,late,15,no,no,NL,73.46,71.68,68.41,71.18
196,413,4,7,early,30,no,yes,TE,83.43,85.12,81.41,83.32
196,414,4,13,late,30,yes,yes,TL,64.84,66.56,66.41,65.94
196,415,4,14,late,30,yes,no,NL,69.87,68.4,69.54,69.27
196,416,4,10,late,15,yes,no,NL,78.2,72.25,82.67,77.71
203,101,1,1,early,15,yes,yes,TE,97.71,98.09,98.33,98.04
203,102,1,2,early,15,yes,no,NEY,93.47,94.15,94.16,93.93
203,103,1,3,early,15,no,yes,TE,97.82,96.27,98.09,97.39
203,104,1,4,early,15,no,no,NE,95.65,96.86,93,95.17
203,105,1,5,early,30,yes,yes,TE,89.34,92.54,90.72,90.87
203,106,1,6,early,30,yes,no,NEY,78.58,77.21,74.75,76.85
203,107,1,7,early,30,no,yes,TE,93.52,92.91,92.86,93.1
203,108,1,8,early,30,no,no,NE,87.98,86,89.96,87.98
203,109,1,9,late,15,yes,yes,TL,75.28,80.63,78.98,78.3
203,110,1,10,late,15,yes,no,NL,84.71,83.93,80.05,82.9
203,111,1,11,late,15,no,yes,TL,88.1,85.78,83.84,85.91
203,112,1,12,late,15,no,no,NL,84.25,79.72,79.17,81.05
203,113,1,13,late,30,yes,yes,TL,76.15,73.86,74.36,74.79
203,114,1,14,late,30,yes,no,NL,71.5,73.69,70.88,72.02
203,115,1,15,late,30,no,yes,TL,76.88,78.72,77.7,77.77
203,116,1,16,late,30,no,no,NL,67.91,72.49,70.97,70.46
203,201,2,11,late,15,no,yes,TL,90.35,89.83,91.98,90.72
203,202,2,7,early,30,no,yes,TE,95.98,97.21,96.97,96.72
203,203,2,12,late,15,no,no,NL,89.07,91.44,86.21,88.91
203,204,2,16,late,30,no,no,NL,70.79,71.84,70.19,70.94
203,205,2,15,late,30,no,yes,TL,65.65,64.54,63.12,64.44
203,206,2,8,early,30,no,no,NE,94.08,93.29,93.37,93.58
203,207,2,2,early,15,yes,no,NEY,95.25,92.75,93.41,93.8
203,208,2,9,late,15,yes,yes,TL,91.38,91.95,87.44,90.26
203,209,2,3,early,15,no,yes,TE,98.4,97.94,97.96,98.1
203,210,2,13,late,30,yes,yes,TL,82.02,83.53,81.82,82.46
203,211,2,10,late,15,yes,no,NL,82.91,84.83,86.25,84.66
203,212,2,14,late,30,yes,no,NL,66.45,67.57,69.48,67.83
203,213,2,1,early,15,yes,yes,TE,96.03,95.93,96.23,96.06
203,214,2,6,early,30,yes,no,NEY,74.91,75.2,73.65,74.59
203,215,2,5,early,30,yes,yes,TE,84.78,84.2,84.56,84.51
203,216,2,4,early,15,no,no,NE,94.12,95.77,97.15,95.68
203,301,3,16,late,30,no,no,NL,78.27,70.96,76.19,75.14
203,302,3,7,early,30,no,yes,TE,96.17,94.75,95.27,95.4
203,303,3,11,late,15,no,yes,TL,91.6,94.72,80.4,88.91
203,304,3,5,early,30,yes,yes,TE,94.94,91.71,94.39,93.68
203,305,3,2,early,15,yes,no,NEY,92.19,87.83,89.23,89.75
203,306,3,6,early,30,yes,no,NEY,85.79,84.61,78.34,82.91
203,307,3,8,early,30,no,no,NE,85.66,87.75,88.21,87.21
203,308,3,4,early,15,no,no,NE,94.94,98.62,96.6,96.72
203,309,3,10,late,15,yes,no,NL,70.04,74.33,71.92,72.1
203,310,3,1,early,15,yes,yes,TE,97.47,92.62,92.96,94.35
203,311,3,14,late,30,yes,no,NL,75.71,77.14,70.34,74.4
203,312,3,3,early,15,no,yes,TE,98.5,98.72,98.93,98.72
203,313,3,15,late,30,no,yes,TL,77.38,78.02,78.14,77.85
203,314,3,12,late,15,no,no,NL,90.23,91.74,93.99,91.99
203,315,3,9,late,15,yes,yes,TL,93.37,95.92,95.05,94.78
203,316,3,13,late,30,yes,yes,TL,75.31,79.19,76.32,76.94
203,401,4,8,early,30,no,no,NE,95.46,93.37,93.65,94.16
203,402,4,3,early,15,no,yes,TE,96.32,97.37,97.95,97.21
203,403,4,5,early,30,yes,yes,TE,85.51,92.74,92.14,90.13
203,404,4,15,late,30,no,yes,TL,86.26,81.24,85.08,84.19
203,405,4,4,early,15,no,no,NE,95.16,95.61,95.1,95.29
203,406,4,9,late,15,yes,yes,TL,95.01,91.93,92.01,92.98
203,407,4,16,late,30,no,no,NL,69.7,76.53,71.88,72.7
203,408,4,6,early,30,yes,no,NEY,78.75,80.42,77.9,79.02
203,409,4,11,late,15,no,yes,TL,71.22,65.2,67.64,68.02
203,410,4,1,early,15,yes,yes,TE,96.11,96.03,95.83,95.99
203,411,4,2,early,15,yes,no,NEY,93.87,94.14,94.5,94.17
203,412,4,12,late,15,no,no,NL,78.44,75.28,71,74.91
203,413,4,7,early,30,no,yes,TE,91.27,92.53,91.59,91.8
203,414,4,13,late,30,yes,yes,TL,72.48,68.57,73.39,71.48
203,415,4,14,late,30,yes,no,NL,78.16,76.97,77.11,77.41
203,416,4,10,late,15,yes,no,NL,81.78,80.35,78.27,80.13
210,101,1,1,early,15,yes,yes,TE,97.71,98.09,98.33,98.04
210,102,1,2,early,15,yes,no,NEY,93.47,94.15,94.16,93.93
210,103,1,3,early,15,no,yes,TE,97.82,96.27,98.09,97.39
210,104,1,4,early,15,no,no,NE,95.65,96.86,93,95.17
210,105,1,5,early,30,yes,yes,TE,95.44,95.62,95.6,95.55
210,106,1,6,early,30,yes,no,NEY,92.61,92.54,92.99,92.71
210,107,1,7,early,30,no,yes,TE,95.76,94.46,95.05,95.09
210,108,1,8,early,30,no,no,NE,97.19,94.36,97.87,96.47
210,109,1,9,late,15,yes,yes,TL,75.28,80.63,78.98,78.3
210,110,1,10,late,15,yes,no,NL,97.22,98.2,96.25,97.22
210,111,1,11,late,15,no,yes,TL,94.22,96.23,96.71,95.72
210,112,1,12,late,15,no,no,NL,95.32,96.89,94.91,95.71
210,113,1,13,late,30,yes,yes,TL,84.71,89.58,90.21,88.17
210,114,1,14,late,30,yes,no,NL,88.46,90.23,87.99,88.89
210,115,1,15,late,30,no,yes,TL,90.3,92.02,91.91,91.41
210,116,1,16,late,30,no,no,NL,86.83,88.18,92.13,89.05
210,201,2,11,late,15,no,yes,TL,93.35,89.83,91.98,91.72
210,202,2,7,early,30,no,yes,TE,95.98,97.21,96.97,96.72
210,203,2,12,late,15,no,no,NL,89.07,91.44,86.21,88.91
210,204,2,16,late,30,no,no,NL,88.86,86.39,87.99,87.75
210,205,2,15,late,30,no,yes,TL,82.12,80.8,79.8,80.91
210,206,2,8,early,30,no,no,NE,94.08,93.29,93.37,93.58
210,207,2,2,early,15,yes,no,NEY,95.25,92.75,93.41,93.8
210,208,2,9,late,15,yes,yes,TL,91.38,91.95,87.44,90.26
210,209,2,3,early,15,no,yes,TE,98.4,97.94,97.96,98.1
210,210,2,13,late,30,yes,yes,TL,93.81,94.12,94.06,94
210,211,2,10,late,15,yes,no,NL,95.41,97.04,96.55,96.33
210,212,2,14,late,30,yes,no,NL,84.61,84.59,87.4,85.53
210,213,2,1,early,15,yes,yes,TE,96.03,95.93,96.23,96.06
210,214,2,6,early,30,yes,no,NEY,90.1,90.75,89.33,90.06
210,215,2,5,early,30,yes,yes,TE,93.43,93.89,92.45,93.26
210,216,2,4,early,15,no,no,NE,94.12,95.77,97.15,95.68
210,301,3,16,late,30,no,no,NL,93.51,91.76,90.68,91.98
210,302,3,7,early,30,no,yes,TE,96.17,94.75,95.27,95.4
210,303,3,11,late,15,no,yes,TL,91.6,94.72,80.4,88.91
210,304,3,5,early,30,yes,yes,TE,94.94,91.71,94.39,93.68
210,305,3,2,early,15,yes,no,NEY,92.19,87.83,89.23,89.75
210,306,3,6,early,30,yes,no,NEY,95.63,95.41,93.65,94.9
210,307,3,8,early,30,no,no,NE,92.56,93.13,91.42,92.37
210,308,3,4,early,15,no,no,NE,94.94,98.62,96.6,96.72
210,309,3,10,late,15,yes,no,NL,92.63,92.79,94.02,93.15
210,310,3,1,early,15,yes,yes,TE,97.47,92.62,92.96,94.35
210,311,3,14,late,30,yes,no,NL,88.51,84.39,87.26,86.72
210,312,3,3,early,15,no,yes,TE,98.5,98.72,98.93,98.72
210,313,3,15,late,30,no,yes,TL,90.7,91.8,91.7,91.4
210,314,3,12,late,15,no,no,NL,90.23,91.74,93.99,91.99
210,315,3,9,late,15,yes,yes,TL,97.62,97.45,98.23,97.77
210,316,3,13,late,30,yes,yes,TL,88.63,90.69,90.43,89.92
210,401,4,8,early,30,no,no,NE,95.46,93.37,93.65,94.16
210,402,4,3,early,15,no,yes,TE,96.32,97.37,97.95,97.21
210,403,4,5,early,30,yes,yes,TE,85.51,92.74,92.14,90.13
210,404,4,15,late,30,no,yes,TL,92.54,94.71,94.71,93.99
210,405,4,4,early,15,no,no,NE,95.16,95.61,95.1,95.29
210,406,4,9,late,15,yes,yes,TL,95.01,91.93,92.01,92.98
210,407,4,16,late,30,no,no,NL,85.86,87.93,83.56,85.78
210,408,4,6,early,30,yes,no,NEY,91.73,92.13,89.55,91.14
210,409,4,11,late,15,no,yes,TL,90.42,88.09,88.8,89.1
210,410,4,1,early,15,yes,yes,TE,96.11,96.03,95.83,95.99
210,411,4,2,early,15,yes,no,NEY,93.87,94.14,94.5,94.17
210,412,4,12,late,15,no,no,NL,97.18,93.85,94.25,95.09
210,413,4,7,early,30,no,yes,TE,91.27,92.53,91.59,91.8
210,414,4,13,late,30,yes,yes,TL,86.39,85.05,86.77,86.07
210,415,4,14,late,30,yes,no,NL,91.57,90.71,91.07,91.12
210,416,4,10,late,15,yes,no,NL,92.53,92.86,94.34,93.24